model,accuracy,precision,recall,f1_score
Rule-Based Baseline,0.9927007299270073,0.9662921348314607,1.0,0.9828571428571429
Isolation Forest,0.7454545454545455,0.4146341463414634,0.4857142857142857,0.4473684210526316
PCA Anomaly Detector,0.7696969696969697,0.2,0.02857142857142857,0.05
Decision Tree,1.0,1.0,1.0,1.0
