model,accuracy,precision,recall,f1_score
Rule-Based Baseline,0.9951159951159951,0.9770114942528736,1.0,0.9883720930232558
Isolation Forest,0.6951219512195121,0.23333333333333334,0.20588235294117646,0.21875
PCA Anomaly Detector,0.725609756097561,0.0,0.0,0.0
Decision Tree,1.0,1.0,1.0,1.0
